<?xml version="1.0" encoding="UTF-8" standalone="no"?>
<!DOCTYPE ecpc_CD SYSTEM "cd.dtd">
<ecpc_CD>
<header filename='CD20050111' language="ES">
<legislature begin="20040402" end="20080401">VIII</legislature>
<title>DS. Congreso de los Diputados, Pleno y Dip. Perm., núm. 63, de 11/01/2005</title>
<label>Sesión plenaria núm. 59 (Sesión extraordinaria Año 2004 VIII Legislatura Núm. 63</label>
<date>celebrada el martes, 11 de enero de 2005</date>
<place>CORTES GENERALES</place>
<edition>DIARIO DE SESIONES DEL CONGRESO DE LOS DIPUTADOS
PLENO Y DIPUTACIÓN PERMANENTE</edition>
<index>
<indexitem>
ORDEN DEL DÍA:
 Debate sobre 
<page_number>Página 2996</page_number>
</indexitem>
<indexitem>
SUMARIO
Debate sobre autorización parlamentaria para la convocatoria de referéndum 

Se levanta la sesión a las cuatro y quince minutos de la tarde.
</indexitem>
</index>
</header>

<body>

<chair who="Bono Martínez, José">


<omit>PRESIDENCIA DEL EXCMO. SR. D. MANUEL MARÍN GONZÁLEZ</omit>
<omit>Se abre la sesión a las once de la mañana.</omit>
<heading>
DEBATE SOBRE AUTORIZACIÓN PARLAMENTARIA PARA LA CONVOCATORIA DE REFERÉNDUM.
- SOLICITUD, DEL PRESIDENTE DEL GOBIERNO, DE AUTORIZACIÓN PARLAMENTARIA PARA LA CONVOCATORIA DE UN REFERÉNDUM CONSULTIVO SOBRE LA RATIFICACIÓN DEL TRATADO POR EL QUE SE ESTABLECE UNA CONSTITUCIÓN PARA EUROPA. (Número de expediente 090/000001.) 
</heading>

<intervention id='in1'>
<speaker>
<name>Marín González, Manuel</name>
<birth_date>19491021</birth_date>
<birth_place country="ES">Ciudad Real</birth_place>
<status>NA</status>
<gender>male</gender>
<institution>
<ni country="ES">CD</ni>
</institution>
<constituency country="ES" region="Ciudad Real"/>
<affiliation>
<national_party>Partido Socialista Obrero Español</national_party>
<cd group="GS"/>
</affiliation>
<post>PRESIDENTE</post>
</speaker>
<speech id='sp1' language="ES">
Señorías, comienza esta sesión extraordinaria del martes 11 de enero de 2005, <page_number>Página 2997</page_number> cuyo orden del día es el debate sobre autorización parlamentaria para la convocatoria de referéndum consultivo sobre la ratificación del Tratado por el que se establece una Constitución para Europa.
</speech>
</intervention>

<intervention id='in2'>
<speaker>
<name>Rodríguez Zapatero, José Luis</name>
<birth_date>19600804</birth_date>
<birth_place country="ES">Valladolid</birth_place>
<status>NA</status>
<gender>male</gender>
<institution>
<ni country="ES">CD</ni>
</institution>
<constituency country="ES" region="Madrid"/>
<affiliation>
<national_party>Partido Socialista Obrero Español</national_party>
<cd group="GS"/>
</affiliation>
<post>PRESIDENTE DEL GOBIERNO</post>
</speaker>
<speech id='sp2' language="ES">
Señor presidente,  establece una Constitución para Europa.
Muchas gracias. <omit>(Aplausos.)</omit>
</speech>
</intervention>

<intervention id='in3'>
<speaker>
<name>Marín González, Manuel</name>
<birth_date>19491021</birth_date>
<birth_place country="ES">Ciudad Real</birth_place>
<status>NA</status>
<gender>male</gender>
<institution>
<ni country="ES">CD</ni>
</institution>
<constituency country="ES" region="Ciudad Real"/>
<affiliation>
<national_party>Partido Socialista Obrero Español</national_party>
<cd group="GS"/>
</affiliation>
<post>PRESIDENTE</post>
</speaker>
<speech id='sp3' language="ES">
Comenzamos el turno de fijación de posición de los grupos parlamentarios, que intervendrán de mayor a menor -excepto el grupo mayoritario, que intervendrá al final- durante 15 minutos, más la réplica posterior.
Tiene la palabra don Mariano Rajoy, por el Grupo Parlamentario Popular en el Congreso.
Adelante.
</speech>
</intervention>

</chair>

<chair who="Chacón Piqueras, Carme">

<intervention id='in7'>
<speaker>
<name>Chacón Piqueras, Carme</name>
<birth_date>19710313</birth_date>
<birth_place country="ES">Esplugues de Llobregat (Barcelona)</birth_place>
<status>NA</status>
<gender>female</gender>
<institution>
<ni country="ES">CD</ni>
</institution>
<constituency country="ES" region="Barcelona"/>
<affiliation>
<national_party>Partido Socialista Obrero Español</national_party>
<cd group="GS"/>
</affiliation>
<post>VICEPRESIDENTA</post>
</speaker>
<speech id='sp7' language="ES">
Muchas gracias, señor Duran i Lleida.
Continuamos con el turno del Grupo de Esquerra Republicana de Catalunya.
Tiene para ello la palabra el señor Tardá.
</speech>
</intervention>

<intervention id='in8'>
<speaker>
<name>Tardà i Coma, Joan</name>
<birth_date>19530926</birth_date>
<birth_place country="ES">Barcelona</birth_place>
<status>NA</status>
<gender>male</gender>
<institution>
<ni country="ES">CD</ni>
</institution>
<constituency country="ES" region="Barcelona"/>
<affiliation>
<national_party>Esquerra Republicana de Catalunya</national_party>
<cd group="GER-ERC"/>
</affiliation>
<post>NA</post>
</speaker>
<speech id='sp8' language="ES">
(Comienza su intervención en catalán, cuyo texto, que entrega a la Redacción del "Diario de Sesiones", dice lo siguiente: "Señor presidente, señorías, una vegada més reivindiquem els drets lingüístics dels diputats i diputades catalans; drets no reconeguts en aquesta cambra. El Grup Socialista i el govern espanyol han manifestat la voluntat de fer realitat el reconeixement de la llengua catalana a Europa i la de fer possible que els diputats catalans puguin expressar-se en la seva llengua al Parlament europeu. D'igual manera, s'ha reclamat que els ciutadans dels Països Catalans puguin adreçar-se a les institucions europees en llengua catalana.
Per què, doncs, ens ho neguen aquí, en el Parlament espanyol? Els demanem que siguin coherents, plenament europeistes i permetin que tots puguem sentirnos, en aquest parlament, lliures i posseïdors dels mateixos drets lingüístics."- Un señor diputado: Esto no puede ser.-Protestas.-El señor Tardá i Coma continúa su intervención en castellano.) Tranquilos. Una vez más reivindicamos los derechos lingüísticos de los diputados y diputadas catalanes, derechos no reconocidos en esta Cámara. El Grupo Socialista y el Gobierno español han manifestado la voluntad... <omit>(Protestas.)</omit>
</speech>
</intervention>

</chair>

</body>

<back><!-- BRSCGI © 1995-2002 Baratz Servicios de Teledocumentación, S.A. http://www.baratz.es --></back>
</ecpc_CD>




</speech>
</intervention>

<intervention>
<speaker>
<name></name>
<post>NA</post>
</speaker>
<speech language="ES">



<intervention>
<speaker>
<name>Gil Lázaro</name>
<post>SECRETARIO</post>
</speaker>
<speech language="ES">


<intervention>
<speaker>
<name>Salgado Méndez</name>
<post>VICEPRESIDENTA DEL GOBIERNO DE ASUNTOS ECONÓMICOS Y MINISTRA DE ECONOMÍA Y HACIENDA</post>
</speaker>
<speech language="ES">


<intervention>
<speaker>
<name>Gómez Sánchez</name>
<post>MINISTRO DE TRABAJO E INMIGRACIÓN</post>
</speaker>
<speech language="ES">

________________________________

</indexitem>
</index>
</header>

<body>

<chair who="Posada Moreno, Jesús">


_______________________________

</chair>

<omit>(El señor presidente ocupa la Presidencia.)</omit>

<chair who="Posada Moreno, Jesús">


________________________________

</chair>

<omit>(La señora vicepresidenta, Villalobos Talero, ocupa la Presidencia.)</omit>

<chair who="Villalobos Talero">


________________________

</chair>

<omit>(El señor vicepresidente, Barrero López, ocupa la Presidencia.)</omit>

<chair who="Barrero López">


_____________________________

</chair>

<omit>(La señora vicepresidenta, Montserrat Montserrat, ocupa la Presidencia.)</omit>

<chair who="Montserrat Montserrat">


_______________________________

</chair>

<omit>(El señor vicepresidente, Jané i Guasch, ocupa la Presidencia.)</omit>

<chair who="Jané i Guasch">


___________________________


</chair>
<omit>(La señora vicepresidenta, Cunillera i Mestres, ocupa la Presidencia.)</omit>
<chair who="Cunillera i Mestres">




</speech>
</intervention>


</chair>

</body>

<back><!-- Edita: Congreso de los Diputados 
Calle Floridablanca, s/n. 28071 Madrid 
Teléf.: 91 390 60 00. Fax: 91 429 87 07. http://www.congreso.es 
Imprime y distribuye:  Imprenta Nacional BOE 
Avenida de Manoteras, 54. 28050 Madrid 
Teléf.: 902 365 303. http://www.boe.es
 Depósito legal: M. 12.580 - 1961  --></back>
</ecpc_CD>
