<?xml version="1.0" encoding="UTF-8" standalone="no"?>
<!DOCTYPE ecpc_CD SYSTEM "cd.dtd">
<ecpc_CD>
<header>
<legislature begin="20111213" end="20151212">X</legislature>
<title> DIARIO DE SESIONES DEL CONGRESO DE LOS DIPUTADOS PLENO Y DIPUTACIÓN PERMANENTE Año 2012 X Legislatura Núm. 5 celebrada el miércoles 11 de enero de 2012 </title>
<label>Sesión de la Diputación Permanente núm. 1 </label>
<date>celebrada el miércoles 11 de enero de 2012 </date>
<place>CORTES GENERALES</place>
<edition> DIARIO DE SESIONES DEL CONGRESO DE LOS DIPUTADOS PLENO Y DIPUTACIÓN PERMANENTE Año 2012 X Legislatura Núm. 5 </edition>
<index>
<indexitem>
ORDEN DEL DÍA:
Constitución de la Diputación Permanente <omit>(061/000008.)</omit> . . . . . . . . . . . . . . . . . . . . . . . . . . . . . . <page_number>Páginas2 </page_number>
Petición, formulada por los grupos parlamentarios Popular en el Congreso, Socialista, Catalán (Convergència i Unió), Unión Progreso y Democracia, Vasco (EAJ-PNV) y de IU, ICV-EUiA, CHA: La Izquierda Plural, de que se acuerde la convocatoria de sesiones extraordinarias de las comisiones a crear al inicio de la X Legislatura a los efectos de su constitución. <omit>(Número de expediente 062/000002.)</omit>  . . . . . . . . . . . . . . . . . . . . . . . . . . . . . . . . . . . . . . . . . . . . . . . . . . . . . . <page_number>Páginas2 </page_number>

</indexitem>
<indexitem>
SUMARIO: 
Se abre la sesión a las cinco y cinco minutos de la tarde.  
Constitución de la Diputación Permanente  . . . . . . . . . . . . . . . . . . . . . . . . . . . <page_number>Páginas2 </page_number>
Se procede a la elección, mediante llamamiento, de dos vicepresidentes y dos secretarios de la Diputación Permanente.  
Petición, formulada por los grupos parlamentarios Popular en el Congreso, Socialista, Catalán (Convergència i Unió), Unión Progreso y Democracia, Vasco (EAJ-PNV) y de IU, ICV-EUiA, CHA: La Izquierda Plural, de que se acuerde la convocatoria de sesiones extraordinarias de las comisiones a crear al inicio de la X Legislatura a los efectos de su constitución . . . . . . . . . . <page_number>Páginas2 </page_number>
Sometida a votación la petición de referencia, se aprueba por asentimiento. 
Se levanta la sesión a las cinco y treinta minutos de la tarde. 
Se abre la sesión a las cinco y cinco minutos de la tarde. 
</indexitem>
</index>
</header>

<body>

<chair who="Posada Moreno, Jesús">


<heading>
CONSTITUCIÓN DE LA DIPUTACIÓN PERMA-NENTE. <omit>(Número de expediente 061/000008.)</omit> 
</heading>


<intervention>
<speaker>
<name>POSADA MORENO</name>
<post>PRESIDENTE</post>
</speaker>
<speech language="ES">
Vamos a proceder a constituir la Diputación Permanente, y por lo tanto a elegir vicepresidentes y secretarios. 
La Mesa de la Cámara en su reunión de 28 de diciembre acordó, previa audiencia de la Junta de Portavoces, que la Diputación Permanente esté integrada, bajo la Presidencia del presidente de la Cámara, por 51 miembros, con la siguiente distribución: 27 miembros del Grupo Popular en el Congreso; 16 miembros del Grupo Socialista; dos miembros del Grupo Catalán (Convergència i Unió); dos miembros del Grupo de IU, ICV-EUiA, CHA: la Izquierda Plural; un miembro del Grupo Unión Progreso y Democracia; un miembro del Grupo Vasco, PNV, y dos miembros del Grupo Mixto. El plazo para la designación de titulares y suplentes concluyó el día 5 de enero de 2012, a las veinte horas. 
Vamos entonces a elegir la Mesa, y la comprobación de la presencia de los miembros de la Diputación Permanente se hará en principio simultáneamente al llamamiento para emitir el voto para la designación de miembros de la Mesa. El llamamiento se hace sobre la relación de miembros titulares de la Diputación Permanente, y en caso de que alguno de ellos haya sido sustituido por un suplente, en el momento de ser llamado se hará constar su sustitución. De acuerdo con la práctica de anteriores ocasiones la votación la vamos a efectuar simultáneamente en dos urnas distintas, una para la elección de los vicepresidentes y otra para la elección de los secretarios. El secretario general del Congreso procederá al llamamiento de los miembros de la Diputación Permanente. Cada miembro de la Diputación Permanente se acercará a la Mesa para depositar las papeletas en cada una de las dos urnas, y resultarán elegidos los dos diputados que obtengan mayor número de votos, dos para vicepresidentes y dos para secretarios. Si se produjera empate, se celebrarían sucesivas votaciones. Vamos a comenzar. 
El señor secretario general, Alba Navarro, procede al llamamiento de las señoras y señores diputados miembros de la Diputación Permanente, presentes y sustituidos. 
</speech>
</intervention>

<intervention>
<speaker>
<name>POSADA MORENO</name>
<post>PRESIDENTE</post>
</speaker>
<speech language="ES">
¿Algún miembro designado para la Diputación Permanente no ha sido llamado? <omit>(Pausa.)</omit> 
Verificado el escrutinio, dijo 
</speech>
</intervention>

<intervention>
<speaker>
<name>POSADA MORENO</name>
<post>PRESIDENTE</post>
</speaker>
<speech language="ES">
El resultado de la votación para la elección de vicepresidentes ha sido el siguiente: Doña Celia Villalobos ha obtenido 31 votos y don Javier Barrero ha obtenido 15 votos. Ha habido cinco votos en blanco y uno nulo. Por tanto queda proclamada doña Celia Villalobos como vicepresidenta primera y don Javier Barrero como vicepresidente segundo. El resultado de la votación para la elección de secretarios ha sido el siguiente: don Ignacio Gil Lázaro ha obtenido 31 votos y doña Teresa Cunillera ha obtenido 15 votos. Ha habido cinco votos en blanco y uno nulo. Por lo tanto don Ignacio Gil Lázaro queda proclamado como secretario primero y doña Teresa Cunillera como secretaria segunda. Ruego que ocupen su sitio en la Mesa. <omit>(Así lo hacen los señores miembros de la Mesa.)</omit> 
Queda constituida, señorías, la Diputación Permanente. 
</speech>
</intervention>

<heading>
PETICIÓN, FORMULADA POR LOS GRUPOS PARLAMENTARIOS POPULAR EN EL CON-GRESO, SOCIALISTA, CATALÁN (CONVER-GÈNCIA I UNIÓ), UNIÓN PROGRESO Y DEMO-CRACIA, VASCO (EAJ-PNV) Y DE IU, ICV-EUIA, CHA: LA IZQUIERDA PLURAL, DE QUE SE ACUERDE LA CONVOCATORIA DE SESIONES EXTRAORDINARIAS DE LAS COMISIONES A CREAR AL INICIO DE LA X LEGISLATURA A LOS EFECTOS DE SU CONSTITUCIÓN. <omit>(Número de expediente 062/000002.)</omit> 
</heading>


<intervention>
<speaker>
<name>POSADA MORENO</name>
<post>PRESIDENTE</post>
</speaker>
<speech language="ES">
El punto 2 del orden del día es la petición, formulada por los grupos parlamentarios Popular en el Congreso, Socialista, Catalán (Convergència i Unió), Unión Progreso y Democracia, Vasco (EAJ-PNV) y de IU, ICV-EUiA, CHA: La Izquierda Plural, de que se acuerde la convocatoria de sesiones extraordinarias de las comisiones a crear al inicio de la X Legislatura a los efectos de su constitución. 
Dado que es una petición unánime, pregunto si hay alguna intervención, y en caso contrario pasaríamos a aprobarla por asentimiento. <omit>(Pausa.)</omit> Queda aprobada la petición formulada por los grupos, y se procederá en consecuencia. 
Se levanta la sesión. 
<omit>Eran las cinco y treinta minutos de la tarde.</omit> 
</speech>
</intervention>


</chair>

</body>

<back><!-- Edita: Congreso de los Diputados 
Calle Floridablanca, s/n. 28071 Madrid 
Teléf.: 91 390 60 00. Fax: 91 429 87 07. http://www.congreso.es 
Imprime y distribuye:  Imprenta Nacional BOE 
Avenida de Manoteras, 54. 28050 Madrid Teléf.: 902 365 303. http://www.boe.es
Depósito legal: M. 12.580 - 1961  --></back>
</ecpc_CD>